{
"lengthUnit": "mil",
"remark": [],
"components": {
	"fields": ["COMPONENT_NO", "COMPONENT_NAME", "LAYER", "X_COORDINATE", "Y_COORDINATE", "ANGLE"],
	"rows": [
		[1, "BT1", "B", 1377.9528, -2870, 0],
		[2, "C1", "B", 1455, -2180, 270],
		[3, "C2", "B", 1360, -2180, 270],
		[4, "C3", "B", 1515, -1965, 90],
		[5, "C4", "B", 710, -2260, 270],
		[6, "C5", "B", 730, -2110, 90],
		[7, "C6", "B", 800, -2110, 90],
		[8, "H1", "T", 1377.9528, -3445, 180],
		[9, "H2", "T", 1377.9528, -115, 180],
		[10, "L1", "B", 1690, -1920, 180],
		[11, "R1", "B", 1690, -2250, 90],
		[12, "R2", "B", 1630, -2300, 90],
		[13, "R3", "B", 565, -2155, 270],
		[14, "R4", "B", 895, -2080, 180],
		[15, "R5", "B", 895, -2140, 180],
		[16, "U1", "B", 405, -1015, 90],
		[17, "U3", "B", 1610, -2140, 180],
		[18, "U4", "B", 880, -2240, 180],
		[19, "PAD1", "B", 280.5128, -3086.535, 0],
		[20, "PAD2", "B", 2475.3928, -3086.535, 0],
		[21, "PAD3", "B", 280.5128, -2653.465, 0],
		[22, "PAD4", "B", 2475.3928, -2653.465, 0],
		[23, "PAD5", "B", 1455, -2242.7, 0],
		[24, "PAD6", "B", 1455, -2117.3, 0],
		[25, "PAD7", "B", 1360, -2242.7, 0],
		[26, "PAD8", "B", 1360, -2117.3, 0],
		[27, "PAD9", "B", 1515, -1925.63, 0],
		[28, "PAD10", "B", 1515, -2004.37, 0],
		[29, "PAD11", "B", 1770.71, -1920, 0],
		[30, "PAD12", "B", 1609.29, -1920, 0],
		[31, "PAD13", "B", 1690, -2232.96, 0],
		[32, "PAD14", "B", 1690, -2267.04, 0],
		[33, "PAD15", "B", 1630, -2270.34, 0],
		[34, "PAD16", "B", 1630, -2329.66, 0],
		[35, "PAD17", "B", 605.59, -1010.55, 0],
		[36, "PAD18", "B", 605.59, -1053.83, 0],
		[37, "PAD19", "B", 605.59, -1097.09, 0],
		[38, "PAD20", "B", 605.59, -1140.33, 0],
		[39, "PAD21", "B", 605.59, -1183.5, 0],
		[40, "PAD22", "B", 584.4, -1320.69, 0],
		[41, "PAD23", "B", 584.4, -739.31, 0],
		[42, "PAD24", "B", 204.41, -709.31, 0],
		[43, "PAD25", "B", 204.4, -1319.31, 0],
		[44, "PAD26", "B", 1641.5, -2118.351, 0],
		[45, "PAD27", "B", 1635.59, -2140.001, 0],
		[46, "PAD28", "B", 1641.5, -2161.651, 0],
		[47, "PAD29", "B", 1578.5, -2169.531, 0],
		[48, "PAD30", "B", 1578.5, -2149.841, 0],
		[49, "PAD31", "B", 1578.5, -2130.161, 0],
		[50, "PAD32", "B", 1578.5, -2110.471, 0],
		[51, "PAD33", "B", 831.73, -2278.39, 0],
		[52, "PAD34", "B", 831.73, -2252.8, 0],
		[53, "PAD35", "B", 831.73, -2227.21, 0],
		[54, "PAD36", "B", 831.73, -2201.61, 0],
		[55, "PAD37", "B", 928.27, -2278.39, 0],
		[56, "PAD38", "B", 928.27, -2252.8, 0],
		[57, "PAD39", "B", 928.27, -2227.21, 0],
		[58, "PAD40", "B", 928.27, -2201.61, 0],
		[59, "PAD41", "B", 710, -2287.56, 0],
		[60, "PAD42", "B", 710, -2232.44, 0],
		[61, "PAD43", "B", 730, -2082.44, 0],
		[62, "PAD44", "B", 730, -2137.56, 0],
		[63, "PAD45", "B", 800, -2082.44, 0],
		[64, "PAD46", "B", 800, -2137.56, 0],
		[65, "PAD47", "T", 1127.9528, -3445, 0],
		[66, "PAD47", "B", 1127.9528, -3445, 0],
		[67, "PAD48", "T", 1227.9528, -3445, 0],
		[68, "PAD48", "B", 1227.9528, -3445, 0],
		[69, "PAD49", "T", 1327.9528, -3445, 0],
		[70, "PAD49", "B", 1327.9528, -3445, 0],
		[71, "PAD50", "T", 1427.9528, -3445, 0],
		[72, "PAD50", "B", 1427.9528, -3445, 0],
		[73, "PAD51", "T", 1527.9528, -3445, 0],
		[74, "PAD51", "B", 1527.9528, -3445, 0],
		[75, "PAD52", "T", 1627.9528, -3445, 0],
		[76, "PAD52", "B", 1627.9528, -3445, 0],
		[77, "PAD53", "T", 1127.9528, -115, 0],
		[78, "PAD53", "B", 1127.9528, -115, 0],
		[79, "PAD54", "T", 1427.9528, -115, 0],
		[80, "PAD54", "B", 1427.9528, -115, 0],
		[81, "PAD55", "T", 1527.9528, -115, 0],
		[82, "PAD55", "B", 1527.9528, -115, 0],
		[83, "PAD56", "T", 1627.9528, -115, 0],
		[84, "PAD56", "B", 1627.9528, -115, 0],
		[85, "PAD57", "B", 565, -2034.28, 0],
		[86, "PAD58", "B", 565, -2275.72, 0],
		[87, "PAD59", "B", 865.34, -2080, 0],
		[88, "PAD60", "B", 924.66, -2080, 0],
		[89, "PAD61", "B", 865.34, -2140, 0],
		[90, "PAD62", "B", 924.66, -2140, 0]
	]
},
"pins": {
	"fields": ["PIN_NO", "PIN_NAME", "PIN_X", "PIN_Y", "LAYER", "PIN_TYPE", "NET_NAME", "NET_TYPE", "PAD_SHAPE", "PAD_SIZEX", "PAD_SIZEY", "HOLE_SIZE", "HOLE_LEN", "PAD_ANGLE"],
	"rows": [
		[1, "BT1_1", 2475.3928, -3086.535, "B", "SMD", "$1N3432", "", "R", 293.307, 240.157, 0, 0, 0],
		[2, "BT1_2", 280.5128, -3086.535, "B", "SMD", "GND", "GND", "R", 293.307, 240.157, 0, 0, 0],
		[3, "BT1_3", 280.5128, -2653.465, "B", "SMD", "$1N2963", "", "R", 293.307, 240.157, 0, 0, 0],
		[4, "BT1_4", 2475.3928, -2653.465, "B", "SMD", "$1N3432", "", "R", 293.307, 240.157, 0, 0, 0],
		[5, "C1_1", 1455, -2117.3, "B", "SMD", "GND", "GND", "R", 58.465, 68.031, 0, 0, 270],
		[6, "C1_2", 1455, -2242.7, "B", "SMD", "+5V", "", "R", 58.465, 68.031, 0, 0, 270],
		[7, "C2_1", 1360, -2117.3, "B", "SMD", "GND", "GND", "R", 58.465, 68.031, 0, 0, 270],
		[8, "C2_2", 1360, -2242.7, "B", "SMD", "+5V", "", "R", 58.465, 68.031, 0, 0, 270],
		[9, "C3_1", 1515, -2004.37, "B", "SMD", "GND", "GND", "R", 55.512, 53.15, 0, 0, 90],
		[10, "C3_2", 1515, -1925.63, "B", "SMD", "VBATT", "", "R", 55.512, 53.15, 0, 0, 90],
		[11, "C4_1", 710, -2232.44, "B", "SMD", "VBATT", "", "R", 31.496, 35.433, 0, 0, 270],
		[12, "C4_2", 710, -2287.56, "B", "SMD", "$1N2963", "", "R", 31.496, 35.433, 0, 0, 270],
		[13, "C5_1", 730, -2137.56, "B", "SMD", "VCC", "", "R", 31.496, 35.433, 0, 0, 90],
		[14, "C5_2", 730, -2082.44, "B", "SMD", "GND", "GND", "R", 31.496, 35.433, 0, 0, 90],
		[15, "C6_1", 800, -2137.56, "B", "SMD", "VCC", "", "R", 31.496, 35.433, 0, 0, 90],
		[16, "C6_2", 800, -2082.44, "B", "SMD", "GND", "GND", "R", 31.496, 35.433, 0, 0, 90],
		[17, "H1_1", 1627.9528, -3445, "T", "DIP", "+5V", "", "R", 70.866, 70.866, 40.158, 40.158, 180],
		[18, "H1_1", 1627.9528, -3445, "B", "DIP", "+5V", "", "R", 70.866, 70.866, 40.158, 40.158, 180],
		[19, "H1_2", 1527.9528, -3445, "T", "DIP", "XIAOTX", "", "C", 62.992, 62.992, 40.158, 40.158, 180],
		[20, "H1_2", 1527.9528, -3445, "B", "DIP", "XIAOTX", "", "C", 62.992, 62.992, 40.158, 40.158, 180],
		[21, "H1_3", 1427.9528, -3445, "T", "DIP", "XIAOMOSI", "", "C", 62.992, 62.992, 40.158, 40.158, 180],
		[22, "H1_3", 1427.9528, -3445, "B", "DIP", "XIAOMOSI", "", "C", 62.992, 62.992, 40.158, 40.158, 180],
		[23, "H1_4", 1327.9528, -3445, "T", "DIP", "XIAOMISO", "", "C", 62.992, 62.992, 40.158, 40.158, 180],
		[24, "H1_4", 1327.9528, -3445, "B", "DIP", "XIAOMISO", "", "C", 62.992, 62.992, 40.158, 40.158, 180],
		[25, "H1_5", 1227.9528, -3445, "T", "DIP", "XIAOSCK", "", "C", 62.992, 62.992, 40.158, 40.158, 180],
		[26, "H1_5", 1227.9528, -3445, "B", "DIP", "XIAOSCK", "", "C", 62.992, 62.992, 40.158, 40.158, 180],
		[27, "H1_6", 1127.9528, -3445, "T", "DIP", "XIAORX", "", "C", 62.992, 62.992, 40.158, 40.158, 180],
		[28, "H1_6", 1127.9528, -3445, "B", "DIP", "XIAORX", "", "C", 62.992, 62.992, 40.158, 40.158, 180],
		[29, "H2_1", 1627.9528, -115, "T", "DIP", "VCC", "", "R", 70.866, 70.866, 40.158, 40.158, 180],
		[30, "H2_1", 1627.9528, -115, "B", "DIP", "VCC", "", "R", 70.866, 70.866, 40.158, 40.158, 180],
		[31, "H2_2", 1527.9528, -115, "T", "DIP", "SDA", "", "C", 62.992, 62.992, 40.158, 40.158, 180],
		[32, "H2_2", 1527.9528, -115, "B", "DIP", "SDA", "", "C", 62.992, 62.992, 40.158, 40.158, 180],
		[33, "H2_3", 1427.9528, -115, "T", "DIP", "SCL", "", "C", 62.992, 62.992, 40.158, 40.158, 180],
		[34, "H2_3", 1427.9528, -115, "B", "DIP", "SCL", "", "C", 62.992, 62.992, 40.158, 40.158, 180],
		[35, "H2_4", 1327.9528, -115, "T", "DIP", "NET_1", "", "C", 62.992, 62.992, 40.158, 40.158, 180],
		[36, "H2_4", 1327.9528, -115, "B", "DIP", "NET_1", "", "C", 62.992, 62.992, 40.158, 40.158, 180],
		[37, "H2_5", 1227.9528, -115, "T", "DIP", "NET_2", "", "C", 62.992, 62.992, 40.158, 40.158, 180],
		[38, "H2_5", 1227.9528, -115, "B", "DIP", "NET_2", "", "C", 62.992, 62.992, 40.158, 40.158, 180],
		[39, "H2_6", 1127.9528, -115, "T", "DIP", "GND", "GND", "C", 62.992, 62.992, 40.158, 40.158, 180],
		[40, "H2_6", 1127.9528, -115, "B", "DIP", "GND", "GND", "C", 62.992, 62.992, 40.158, 40.158, 180],
		[41, "L1_1", 1770.71, -1920, "B", "SMD", "$1N1597", "", "R", 59.055, 90.551, 0, 0, 180],
		[42, "L1_2", 1609.29, -1920, "B", "SMD", "VBATT", "", "R", 59.055, 90.551, 0, 0, 180],
		[43, "R1_1", 1690, -2267.04, "B", "SMD", "$1N1492", "", "R", 22.27, 21.26, 0, 0, 90],
		[44, "R1_2", 1690, -2232.96, "B", "SMD", "GND", "GND", "R", 22.27, 21.26, 0, 0, 90],
		[45, "R2_1", 1630, -2329.66, "B", "SMD", "+5V", "", "R", 31.751, 34.016, 0, 0, 90],
		[46, "R2_2", 1630, -2270.34, "B", "SMD", "$1N1492", "", "R", 31.751, 34.016, 0, 0, 90],
		[47, "R3_1", 565, -2034.28, "B", "SMD", "VBATT", "", "R", 78.74, 129.921, 0, 0, 270],
		[48, "R3_2", 565, -2275.72, "B", "SMD", "$1N2963", "", "R", 78.74, 129.921, 0, 0, 270],
		[49, "R4_1", 924.66, -2080, "B", "SMD", "SDA", "", "R", 31.751, 34.016, 0, 0, 180],
		[50, "R4_2", 865.34, -2080, "B", "SMD", "VCC", "", "R", 31.751, 34.016, 0, 0, 180],
		[51, "R5_1", 924.66, -2140, "B", "SMD", "SCL", "", "R", 31.751, 34.016, 0, 0, 180],
		[52, "R5_2", 865.34, -2140, "B", "SMD", "VCC", "", "R", 31.751, 34.016, 0, 0, 180],
		[53, "U1_1", 605.59, -924.34, "B", "SMD", "NET_3", "", "R", 27.56, 78.74, 0, 0, 90],
		[54, "U1_2", 605.52, -967.38, "B", "SMD", "NET_4", "", "R", 27.56, 78.74, 0, 0, 90],
		[55, "U1_3", 605.59, -1010.55, "B", "SMD", "XIAOMOSI", "", "R", 27.56, 78.74, 0, 0, 90],
		[56, "U1_4", 605.59, -1053.83, "B", "SMD", "VCC", "", "R", 27.56, 78.74, 0, 0, 90],
		[57, "U1_5", 605.59, -1097.09, "B", "SMD", "XIAOSCK", "", "R", 27.56, 78.74, 0, 0, 90],
		[58, "U1_6", 605.59, -1140.33, "B", "SMD", "GND", "GND", "R", 27.56, 78.74, 0, 0, 90],
		[59, "U1_7", 605.59, -1183.5, "B", "SMD", "XIAOMISO", "", "R", 27.56, 78.74, 0, 0, 90],
		[60, "U1_8", 605.59, -1226.73, "B", "SMD", "NET_5", "", "R", 27.56, 78.74, 0, 0, 90],
		[61, "U1_9", 605.6, -1270.19, "B", "SMD", "NET_6", "", "R", 27.559, 78.74, 0, 0, 90],
		[62, "U1_10", 584.4, -1320.69, "B", "SMD", "GND", "GND", "R", 47.244, 55, 0, 0, 90],
		[63, "U1_11", 204.4, -1319.31, "B", "SMD", "GND", "GND", "R", 50, 90, 0, 0, 90],
		[64, "U1_12", 204.41, -709.31, "B", "SMD", "GND", "GND", "R", 50, 90, 0, 0, 90],
		[65, "U1_13", 584.4, -739.31, "B", "SMD", "GND", "GND", "R", 70, 55, 0, 0, 90],
		[66, "U3_1", 1641.5, -2118.351, "B", "SMD", "GND", "GND", "R", 45.276, 13.78, 0, 0, 180],
		[67, "U3_2", 1635.59, -2140.001, "B", "SMD", "$1N1597", "", "R", 57.087, 7.874, 0, 0, 180],
		[68, "U3_3", 1641.5, -2161.651, "B", "SMD", "+5V", "", "R", 45.276, 13.78, 0, 0, 180],
		[69, "U3_4", 1578.5, -2169.531, "B", "SMD", "$1N1492", "", "R", 17.717, 9.843, 0, 0, 180],
		[70, "U3_5", 1578.5, -2149.841, "B", "SMD", "VBATT", "", "R", 17.717, 9.843, 0, 0, 180],
		[71, "U3_6", 1578.5, -2130.161, "B", "SMD", "GND", "GND", "R", 17.717, 9.843, 0, 0, 180],
		[72, "U3_7", 1578.5, -2110.471, "B", "SMD", "VBATT", "", "R", 17.717, 9.843, 0, 0, 180],
		[73, "U4_1", 831.73, -2278.39, "B", "SMD", "$1N2963", "", "O", 49.291, 14.331, 0, 0, 180],
		[74, "U4_2", 831.73, -2252.8, "B", "SMD", "VBATT", "", "O", 49.291, 14.331, 0, 0, 180],
		[75, "U4_3", 831.73, -2227.21, "B", "SMD", "GND", "GND", "O", 49.291, 14.331, 0, 0, 180],
		[76, "U4_4", 831.73, -2201.61, "B", "SMD", "VCC", "", "O", 49.291, 14.331, 0, 0, 180],
		[77, "U4_5", 928.27, -2201.61, "B", "SMD", "SCL", "", "O", 49.291, 14.331, 0, 0, 180],
		[78, "U4_6", 928.27, -2227.21, "B", "SMD", "SDA", "", "O", 49.291, 14.331, 0, 0, 180],
		[79, "U4_7", 928.27, -2252.8, "B", "SMD", "VCC", "", "O", 49.291, 14.331, 0, 0, 180],
		[80, "U4_8", 928.27, -2278.39, "B", "SMD", "VCC", "", "O", 49.291, 14.331, 0, 0, 180],
		[81, "PAD1_2", 280.5128, -3086.535, "B", "SMD", "GND", "GND", "R", 293.307, 240.157, 0, 0, 0],
		[82, "PAD2_1", 2475.3928, -3086.535, "B", "SMD", "$1N3432", "", "R", 293.307, 240.157, 0, 0, 0],
		[83, "PAD3_3", 280.5128, -2653.465, "B", "SMD", "$1N2963", "", "R", 293.307, 240.157, 0, 0, 0],
		[84, "PAD4_4", 2475.3928, -2653.465, "B", "SMD", "$1N3432", "", "R", 293.307, 240.157, 0, 0, 0],
		[85, "PAD5_2", 1455, -2242.7, "B", "SMD", "+5V", "", "R", 58.465, 68.031, 0, 0, 270],
		[86, "PAD6_1", 1455, -2117.3, "B", "SMD", "GND", "GND", "R", 58.465, 68.031, 0, 0, 270],
		[87, "PAD7_2", 1360, -2242.7, "B", "SMD", "+5V", "", "R", 58.465, 68.031, 0, 0, 270],
		[88, "PAD8_1", 1360, -2117.3, "B", "SMD", "GND", "GND", "R", 58.465, 68.031, 0, 0, 270],
		[89, "PAD9_2", 1515, -1925.63, "B", "SMD", "VBATT", "", "R", 55.512, 53.15, 0, 0, 90],
		[90, "PAD10_1", 1515, -2004.37, "B", "SMD", "GND", "GND", "R", 55.512, 53.15, 0, 0, 90],
		[91, "PAD11_1", 1770.71, -1920, "B", "SMD", "$1N1597", "", "R", 59.055, 90.551, 0, 0, 180],
		[92, "PAD12_2", 1609.29, -1920, "B", "SMD", "VBATT", "", "R", 59.055, 90.551, 0, 0, 180],
		[93, "PAD13_2", 1690, -2232.96, "B", "SMD", "GND", "GND", "R", 22.27, 21.26, 0, 0, 90],
		[94, "PAD14_1", 1690, -2267.04, "B", "SMD", "$1N1492", "", "R", 22.27, 21.26, 0, 0, 90],
		[95, "PAD15_2", 1630, -2270.34, "B", "SMD", "$1N1492", "", "R", 31.751, 34.016, 0, 0, 90],
		[96, "PAD16_1", 1630, -2329.66, "B", "SMD", "+5V", "", "R", 31.751, 34.016, 0, 0, 90],
		[97, "PAD17_3", 605.59, -1010.55, "B", "SMD", "XIAOMOSI", "", "R", 27.56, 78.74, 0, 0, 90],
		[98, "PAD18_4", 605.59, -1053.83, "B", "SMD", "VCC", "", "R", 27.56, 78.74, 0, 0, 90],
		[99, "PAD19_5", 605.59, -1097.09, "B", "SMD", "XIAOSCK", "", "R", 27.56, 78.74, 0, 0, 90],
		[100, "PAD20_6", 605.59, -1140.33, "B", "SMD", "GND", "GND", "R", 27.56, 78.74, 0, 0, 90],
		[101, "PAD21_7", 605.59, -1183.5, "B", "SMD", "XIAOMISO", "", "R", 27.56, 78.74, 0, 0, 90],
		[102, "PAD22_10", 584.4, -1320.69, "B", "SMD", "GND", "GND", "R", 47.244, 55, 0, 0, 90],
		[103, "PAD23_13", 584.4, -739.31, "B", "SMD", "GND", "GND", "R", 70, 55, 0, 0, 90],
		[104, "PAD24_12", 204.41, -709.31, "B", "SMD", "GND", "GND", "R", 50, 90, 0, 0, 90],
		[105, "PAD25_11", 204.4, -1319.31, "B", "SMD", "GND", "GND", "R", 50, 90, 0, 0, 90],
		[106, "PAD26_1", 1641.5, -2118.351, "B", "SMD", "GND", "GND", "R", 45.276, 13.78, 0, 0, 180],
		[107, "PAD27_2", 1635.59, -2140.001, "B", "SMD", "$1N1597", "", "R", 57.087, 7.874, 0, 0, 180],
		[108, "PAD28_3", 1641.5, -2161.651, "B", "SMD", "+5V", "", "R", 45.276, 13.78, 0, 0, 180],
		[109, "PAD29_4", 1578.5, -2169.531, "B", "SMD", "$1N1492", "", "R", 17.717, 9.843, 0, 0, 180],
		[110, "PAD30_5", 1578.5, -2149.841, "B", "SMD", "VBATT", "", "R", 17.717, 9.843, 0, 0, 180],
		[111, "PAD31_6", 1578.5, -2130.161, "B", "SMD", "GND", "GND", "R", 17.717, 9.843, 0, 0, 180],
		[112, "PAD32_7", 1578.5, -2110.471, "B", "SMD", "VBATT", "", "R", 17.717, 9.843, 0, 0, 180],
		[113, "PAD33_1", 831.73, -2278.39, "B", "SMD", "$1N2963", "", "O", 49.291, 14.331, 0, 0, 180],
		[114, "PAD34_2", 831.73, -2252.8, "B", "SMD", "VBATT", "", "O", 49.291, 14.331, 0, 0, 180],
		[115, "PAD35_3", 831.73, -2227.21, "B", "SMD", "GND", "GND", "O", 49.291, 14.331, 0, 0, 180],
		[116, "PAD36_4", 831.73, -2201.61, "B", "SMD", "VCC", "", "O", 49.291, 14.331, 0, 0, 180],
		[117, "PAD37_8", 928.27, -2278.39, "B", "SMD", "VCC", "", "O", 49.291, 14.331, 0, 0, 180],
		[118, "PAD38_7", 928.27, -2252.8, "B", "SMD", "VCC", "", "O", 49.291, 14.331, 0, 0, 180],
		[119, "PAD39_6", 928.27, -2227.21, "B", "SMD", "SDA", "", "O", 49.291, 14.331, 0, 0, 180],
		[120, "PAD40_5", 928.27, -2201.61, "B", "SMD", "SCL", "", "O", 49.291, 14.331, 0, 0, 180],
		[121, "PAD41_2", 710, -2287.56, "B", "SMD", "$1N2963", "", "R", 31.496, 35.433, 0, 0, 270],
		[122, "PAD42_1", 710, -2232.44, "B", "SMD", "VBATT", "", "R", 31.496, 35.433, 0, 0, 270],
		[123, "PAD43_2", 730, -2082.44, "B", "SMD", "GND", "GND", "R", 31.496, 35.433, 0, 0, 90],
		[124, "PAD44_1", 730, -2137.56, "B", "SMD", "VCC", "", "R", 31.496, 35.433, 0, 0, 90],
		[125, "PAD45_2", 800, -2082.44, "B", "SMD", "GND", "GND", "R", 31.496, 35.433, 0, 0, 90],
		[126, "PAD46_1", 800, -2137.56, "B", "SMD", "VCC", "", "R", 31.496, 35.433, 0, 0, 90],
		[127, "PAD47_6", 1127.9528, -3445, "T", "DIP", "XIAORX", "", "C", 62.992, 62.992, 40.158, 40.158, 180],
		[128, "PAD47_6", 1127.9528, -3445, "B", "DIP", "XIAORX", "", "C", 62.992, 62.992, 40.158, 40.158, 180],
		[129, "PAD48_5", 1227.9528, -3445, "T", "DIP", "XIAOSCK", "", "C", 62.992, 62.992, 40.158, 40.158, 180],
		[130, "PAD48_5", 1227.9528, -3445, "B", "DIP", "XIAOSCK", "", "C", 62.992, 62.992, 40.158, 40.158, 180],
		[131, "PAD49_4", 1327.9528, -3445, "T", "DIP", "XIAOMISO", "", "C", 62.992, 62.992, 40.158, 40.158, 180],
		[132, "PAD49_4", 1327.9528, -3445, "B", "DIP", "XIAOMISO", "", "C", 62.992, 62.992, 40.158, 40.158, 180],
		[133, "PAD50_3", 1427.9528, -3445, "T", "DIP", "XIAOMOSI", "", "C", 62.992, 62.992, 40.158, 40.158, 180],
		[134, "PAD50_3", 1427.9528, -3445, "B", "DIP", "XIAOMOSI", "", "C", 62.992, 62.992, 40.158, 40.158, 180],
		[135, "PAD51_2", 1527.9528, -3445, "T", "DIP", "XIAOTX", "", "C", 62.992, 62.992, 40.158, 40.158, 180],
		[136, "PAD51_2", 1527.9528, -3445, "B", "DIP", "XIAOTX", "", "C", 62.992, 62.992, 40.158, 40.158, 180],
		[137, "PAD52_1", 1627.9528, -3445, "T", "DIP", "+5V", "", "R", 70.866, 70.866, 40.158, 40.158, 180],
		[138, "PAD52_1", 1627.9528, -3445, "B", "DIP", "+5V", "", "R", 70.866, 70.866, 40.158, 40.158, 180],
		[139, "PAD53_6", 1127.9528, -115, "T", "DIP", "GND", "GND", "C", 62.992, 62.992, 40.158, 40.158, 180],
		[140, "PAD53_6", 1127.9528, -115, "B", "DIP", "GND", "GND", "C", 62.992, 62.992, 40.158, 40.158, 180],
		[141, "PAD54_3", 1427.9528, -115, "T", "DIP", "SCL", "", "C", 62.992, 62.992, 40.158, 40.158, 180],
		[142, "PAD54_3", 1427.9528, -115, "B", "DIP", "SCL", "", "C", 62.992, 62.992, 40.158, 40.158, 180],
		[143, "PAD55_2", 1527.9528, -115, "T", "DIP", "SDA", "", "C", 62.992, 62.992, 40.158, 40.158, 180],
		[144, "PAD55_2", 1527.9528, -115, "B", "DIP", "SDA", "", "C", 62.992, 62.992, 40.158, 40.158, 180],
		[145, "PAD56_1", 1627.9528, -115, "T", "DIP", "VCC", "", "R", 70.866, 70.866, 40.158, 40.158, 180],
		[146, "PAD56_1", 1627.9528, -115, "B", "DIP", "VCC", "", "R", 70.866, 70.866, 40.158, 40.158, 180],
		[147, "PAD57_1", 565, -2034.28, "B", "SMD", "VBATT", "", "R", 78.74, 129.921, 0, 0, 270],
		[148, "PAD58_2", 565, -2275.72, "B", "SMD", "$1N2963", "", "R", 78.74, 129.921, 0, 0, 270],
		[149, "PAD59_2", 865.34, -2080, "B", "SMD", "VCC", "", "R", 31.751, 34.016, 0, 0, 180],
		[150, "PAD60_1", 924.66, -2080, "B", "SMD", "SDA", "", "R", 31.751, 34.016, 0, 0, 180],
		[151, "PAD61_2", 865.34, -2140, "B", "SMD", "VCC", "", "R", 31.751, 34.016, 0, 0, 180],
		[152, "PAD62_1", 924.66, -2140, "B", "SMD", "SCL", "", "R", 31.751, 34.016, 0, 0, 180]
	]
}
}